 ,Label,Area,X,Y,XM,YM,IntDen,RawIntDen,Slice
1,corner,0,1403.661138,933.682563,1403.893532,933.527614,8.209076,38,49.267576
2,corner,0,476.582463,929.054025,476.640562,928.879730,8.425104,39,49.267576
3,corner,0,477.570139,177.781584,477.570139,177.781584,17.714321,82,49.267576
4,corner,0,1409.703388,180.570315,1409.935782,180.570315,2.376311,11,49.267576
5,center,0,0,0,942.010004,555.189811,0,0,0
6,star,7488.405303,839.407952,285.844901,839.459622,285.636906,985429.117564,4561574,0
7,star,7488.405303,1403.661138,596.788378,1403.307695,596.579488,790113.170781,3657452,0
8,star,7488.405303,609.802455,1032.295161,610.091187,1035.327221,564679.637300,2613915,0
