 ,Label,Area,X,Y,XM,YM,IntDen,RawIntDen,Slice
1,corner,0,1403.661138,933.682563,1403.893532,933.527614,8.209076,38,49.267576
2,corner,0,476.582463,929.054025,476.640562,928.879730,8.425104,39,49.267576
3,corner,0,477.570139,177.781584,477.570139,177.781584,17.714321,82,49.267576
4,corner,0,1409.703388,180.570315,1409.935782,180.570315,2.376311,11,49.267576
5,center,0,0,0,942.010004,555.189811,0,0,0
6,star,7488.405303,702.760146,189.168902,702.731868,188.828021,1004790.654758,4651199.000000,0
7,star,7488.405303,609.337666,730.647453,609.251857,730.737755,809386.784453,3746670,0
8,star,7488.405303,754.351664,909.591009,754.446165,908.845460,688592.827253,3187512,0
9,star,7488.405303,821.281202,827.788240,821.322960,827.218137,765553.128360,3543763.000000,0
