 ,Label,Area,X,Y,XM,YM,IntDen,RawIntDen,Slice
1,corner,0,1403.661138,933.682563,1403.893532,933.527614,8.209076,38,49.267576
2,corner,0,476.582463,929.054025,476.640562,928.879730,8.425104,39,49.267576
3,corner,0,477.570139,177.781584,477.570139,177.781584,17.714321,82,49.267576
4,corner,0,1409.703388,180.570315,1409.935782,180.570315,2.376311,11,49.267576
5,center,0,0,0,942.010004,555.189811,0,0,0
6,star,7488.405303,752.957299,243.549151,752.927004,243.163907,1001223.379291,4634686,0
7,star,7488.405303,648.379896,788.746010,648.604719,788.170478,763864.003012,3535944,0
8,star,7488.405303,793.393895,968.154354,793.597110,967.303892,642003.081994,2971847,0
9,star,7488.405303,868.689625,884.957221,868.802902,884.363734,722131.438253,3342763,0
