0	Area	X	Y	XM	YM	IntDen	RawIntDen	Slice	Label
1	0	40.253005	5.274276	40.259745	5.277646	0.003635	20	0.026961	corner
2	0	12.253424	5.662264	12.247105	5.668583	0.004180	23	0.026961	corner
3	0	12.616698	30.352643	12.611080	30.351520	0.007269	40	0.026961	corner
4	0	40.506888	29.962832	40.502395	29.960584	0.008541	47	0.026961	corner
5	0	0	0	26.405081	17.814583	0	0	0	center
6	6.299349	13.911956	23.725817	13.922373	23.714818	276.465174	1521330	0	star
7	6.299349	25.950112	18.859328	25.952638	18.836287	417.043661	2294904	0	star
8	6.299349	27.985679	17.821324	27.997564	17.801573	417.719319	2298622	0	star
9	6.299349	31.531071	23.739297	31.527429	23.703787	304.978888	1678235	0	star
