0	Area	X	Y	XM	YM	IntDen	RawIntDen	Slice	Label
1	0	40.253005	5.274276	40.259745	5.277646	0.003635	20	0.026961	corner
2	0	12.253424	5.662264	12.247105	5.668583	0.004180	23	0.026961	corner
3	0	12.616698	30.352643	12.611080	30.351520	0.007269	40	0.026961	corner
4	0	40.506888	29.962832	40.502395	29.960584	0.008541	47	0.026961	corner
5	0	0	0	26.405081	17.814583	0	0	0	center
6	6.299349	25.950112	11.242802	25.945103	11.244096	419.659607	2309299	0	star
7	6.299349	38.406166	26.233204	38.439771	26.223153	314.755018	1732031	0	star
8	6.299349	23.887584	7.764813	23.893803	7.758717	399.715545	2199551	0	star
9	6.299349	24.629015	22.957424	24.637800	22.944529	338.269450	1861426	0	star
