 ,Label,Area,X,Y,XM,YM,IntDen,RawIntDen,Slice
1,corner,0,1403.661138,933.682563,1403.893532,933.527614,8.209076,38,49.267576
2,corner,0,476.582463,929.054025,476.640562,928.879730,8.425104,39,49.267576
3,corner,0,477.570139,177.781584,477.570139,177.781584,17.714321,82,49.267576
4,corner,0,1409.703388,180.570315,1409.935782,180.570315,2.376311,11,49.267576
5,center,0,0,0,942.010004,555.189811,0,0,0
6,star,7488.405303,1306.055562,962.576893,1306.702629,963.023693,695564.492841,3219784,0
7,star,7488.405303,1182.421833,716.239011,1182.303352,715.842728,825558.015579,3821527,0
8,star,7488.405303,1259.111928,583.774301,1258.894000,585.655575,823737.112963,3813098,0
