 ,Label,Area,X,Y,XM,YM,IntDen,RawIntDen,Slice
1,corner,0,1403.661138,933.682563,1403.893532,933.527614,8.209076,38,49.267576
2,corner,0,476.582463,929.054025,476.640562,928.879730,8.425104,39,49.267576
3,corner,0,477.570139,177.781584,477.570139,177.781584,17.714321,82,49.267576
4,corner,0,1409.703388,180.570315,1409.935782,180.570315,2.376311,11,49.267576
5,center,0,0,0,942.010004,555.189811,0,0,0
6,star,7488.405303,933.295220,463.394091,933.574346,462.776989,1020957.565318,4726036,0
7,star,7488.405303,815.703741,1007.196585,815.903123,1004.406765,592266.020302,2741613,0
8,star,7488.405303,581.915147,988.140258,582.264478,987.525385,590300.594747,2732515,0
9,star,7488.405303,798.971356,244.013939,799.083992,243.797936,991777.325452,4590960.000000,0
