0	Area	X	Y	XM	YM	IntDen	RawIntDen	Slice	Label
1	0	41.590213	5.477949	41.588525	5.476261	0.010396	57	0.013505	corner
2	0	13.567984	5.604558	13.565732	5.611311	0.008207	45	0.013505	corner
3	0	13.707535	30.305131	13.714287	30.311883	0.008025	44	0.054020	corner
4	0	41.534505	30.197091	41.534505	30.203843	0.006931	38	0.054020	corner
5	0	0	0	27.600762	17.900825	0	0	0	center
6	6.322157	26.996415	16.313992	26.998356	16.309355	511.189744	2802822	0	star
7	6.322157	29.994516	23.620175	29.993992	23.598392	437.570463	2399172	0	star
8	6.322157	36.395868	7.684322	36.393652	7.686761	482.691887	2646570	0	star
9	6.322157	28.333406	14.841951	28.335403	14.834824	499.299952	2737631	0	star
