0	Area	X	Y	XM	YM	IntDen	RawIntDen	Slice	Label
1	0	40.253005	5.274276	40.259745	5.277646	0.003635	20	0.026961	corner
2	0	12.253424	5.662264	12.247105	5.668583	0.004180	23	0.026961	corner
3	0	12.616698	30.352643	12.611080	30.351520	0.007269	40	0.026961	corner
4	0	40.506888	29.962832	40.502395	29.960584	0.008541	47	0.026961	corner
5	0	0	0	26.405081	17.814583	0	0	0	center
6	6.299349	22.391239	15.071286	22.393227	15.065238	444.857912	2447960	0	star
7	6.299349	20.450036	11.418049	20.452765	11.433824	403.249206	2218996	0	star
8	6.299349	21.016220	26.799388	21.010038	26.787648	282.203898	1552909	0	star
9	6.299349	34.631604	9.382482	34.620009	9.389390	389.650288	2144164	0	star
