 ,Label,Area,X,Y,XM,YM,IntDen,RawIntDen,Slice
1,corner,0,1403.661138,933.682563,1403.893532,933.527614,8.209076,38,49.267576
2,corner,0,476.582463,929.054025,476.640562,928.879730,8.425104,39,49.267576
3,corner,0,477.570139,177.781584,477.570139,177.781584,17.714321,82,49.267576
4,corner,0,1409.703388,180.570315,1409.935782,180.570315,2.376311,11,49.267576
5,center,0,0,0,942.010004,555.189811,0,0,0
6,star,7488.405303,903.548759,422.027918,903.648635,421.750134,1006453.208624,4658895,0
7,star,7488.405303,783.633337,961.647316,783.817890,961.096950,664754.535413,3077164.000000,0
8,star,7488.405303,549.844744,950.492393,550.281542,949.860895,607937.577949,2814157,0
