 ,Label,Area,X,Y,XM,YM,IntDen,RawIntDen,Slice
1,corner,0,1403.661138,933.682563,1403.893532,933.527614,8.209076,38,49.267576
2,corner,0,476.582463,929.054025,476.640562,928.879730,8.425104,39,49.267576
3,corner,0,477.570139,177.781584,477.570139,177.781584,17.714321,82,49.267576
4,corner,0,1409.703388,180.570315,1409.935782,180.570315,2.376311,11,49.267576
5,center,0,0,0,942.010004,555.189811,0,0,0
6,star,7488.405303,1220.999274,842.661471,1221.969524,843.299279,790419.066867,3658868,0
7,star,7488.405303,1095.971180,606.084147,1095.823280,605.706091,901296.028514,4172120,0
