 ,Label,Area,X,Y,XM,YM,IntDen,RawIntDen,Slice
1,corner,0,1403.661138,933.682563,1403.893532,933.527614,8.209076,38,49.267576
2,corner,0,476.582463,929.054025,476.640562,928.879730,8.425104,39,49.267576
3,corner,0,477.570139,177.781584,477.570139,177.781584,17.714321,82,49.267576
4,corner,0,1409.703388,180.570315,1409.935782,180.570315,2.376311,11,49.267576
5,center,0,0,0,942.010004,555.189811,0,0,0
6,star,7488.405303,711.126338,197.535094,711.197992,197.175918,1003107.794231,4643409,0
7,star,7488.405303,617.703858,741.337588,617.847401,741.071844,791036.907831,3661728,0
