 ,Label,Area,X,Y,XM,YM,IntDen,RawIntDen,Slice
1,corner,0,1403.661138,933.682563,1403.893532,933.527614,8.209076,38,49.267576
2,corner,0,476.582463,929.054025,476.640562,928.879730,8.425104,39,49.267576
3,corner,0,477.570139,177.781584,477.570139,177.781584,17.714321,82,49.267576
4,corner,0,1409.703388,180.570315,1409.935782,180.570315,2.376311,11,49.267576
5,center,0,0,0,942.010004,555.189811,0,0,0
6,star,7488.405303,884.027644,399.718072,883.963980,399.339999,1021052.833802,4726477,0
7,star,7488.405303,769.689683,943.520566,769.795149,942.915916,679458.934321,3145231,0
8,star,7488.405303,530.323628,922.605086,530.767691,922.115372,616621.267886,2854354,0
9,star,7488.405303,1165.689448,753.886876,1165.535839,753.505721,797823.221129,3693142,0
