0	Area	X	Y	XM	YM	IntDen	RawIntDen	Slice	Label
1	0	40.253005	5.274276	40.259745	5.277646	0.003635	20	0.026961	corner
2	0	12.253424	5.662264	12.247105	5.668583	0.004180	23	0.026961	corner
3	0	12.616698	30.352643	12.611080	30.351520	0.007269	40	0.026961	corner
4	0	40.506888	29.962832	40.502395	29.960584	0.008541	47	0.026961	corner
5	0	0	0	26.405081	17.814583	0	0	0	center
6	6.299349	21.501521	16.041887	21.500559	16.031961	441.237385	2428037	0	star
7	6.299349	19.641202	12.725665	19.636389	12.711956	401.219872	2207829	0	star
8	6.299349	33.310507	10.865346	33.315019	10.847142	396.056674	2179417	0	star
