0	Area	X	Y	XM	YM	IntDen	RawIntDen	Slice	Label
1	0	40.253005	5.274276	40.259745	5.277646	0.003635	20	0.026961	corner
2	0	12.253424	5.662264	12.247105	5.668583	0.004180	23	0.026961	corner
3	0	12.616698	30.352643	12.611080	30.351520	0.007269	40	0.026961	corner
4	0	40.506888	29.962832	40.502395	29.960584	0.008541	47	0.026961	corner
5	0	0	0	26.405081	17.814583	0	0	0	center
6	6.299349	18.805406	18.670600	18.815789	18.659321	413.590686	2275903	0	star
7	6.299349	17.079892	15.394820	17.073272	15.376869	401.865726	2211383	0	star
8	6.299349	31.113173	13.224447	31.102525	13.229679	434.358512	2390184	0	star
