 ,Label,Area,X,Y,XM,YM,IntDen,RawIntDen,Slice
1,corner,0,1403.661138,933.682563,1403.893532,933.527614,8.209076,38,49.267576
2,corner,0,476.582463,929.054025,476.640562,928.879730,8.425104,39,49.267576
3,corner,0,477.570139,177.781584,477.570139,177.781584,17.714321,82,49.267576
4,corner,0,1409.703388,180.570315,1409.935782,180.570315,2.376311,11,49.267576
5,center,0,0,0,942.010004,555.189811,0,0,0
6,star,7488.405303,815.703741,314.661785,815.631104,314.342114,1001150.145695,4634347,0
7,star,7488.405303,706.943242,861.253009,707.033405,860.566672,726784.255972,3364301.000000,0
8,star,7488.405303,474.549014,845.914990,475.849764,845.260050,626538.911524,2900263,0
9,star,7488.405303,918.886778,959.788162,918.998913,958.986438,662186.822932,3065278,0
