 ,Label,Area,X,Y,XM,YM,IntDen,RawIntDen,Slice
1,corner,0,1403.661138,933.682563,1403.893532,933.527614,8.209076,38,49.267576
2,corner,0,476.582463,929.054025,476.640562,928.879730,8.425104,39,49.267576
3,corner,0,477.570139,177.781584,477.570139,177.781584,17.714321,82,49.267576
4,corner,0,1409.703388,180.570315,1409.935782,180.570315,2.376311,11,49.267576
5,center,0,0,0,942.010004,555.189811,0,0,0
6,star,7488.405303,867.295259,373.225130,867.181025,372.965721,1017750.625071,4711191,0
7,star,7488.405303,752.957299,921.210720,753.022839,920.621810,693576.168285,3210580,0
8,star,7488.405303,516.379975,904.478336,516.832927,903.930677,623125.448213,2884462,0
9,star,7488.405303,1146.168333,730.182665,1145.961201,729.807527,815388.482933,3774452.000000,0
