 ,Label,Area,X,Y,XM,YM,IntDen,RawIntDen,Slice
1,corner,0,1403.661138,933.682563,1403.893532,933.527614,8.209076,38,49.267576
2,corner,0,476.582463,929.054025,476.640562,928.879730,8.425104,39,49.267576
3,corner,0,477.570139,177.781584,477.570139,177.781584,17.714321,82,49.267576
4,corner,0,1409.703388,180.570315,1409.935782,180.570315,2.376311,11,49.267576
5,center,0,0,0,942.010004,555.189811,0,0,0
6,star,7488.405303,1330.689350,1000.224758,1331.338290,1000.512185,662786.085461,3068052,0
7,star,7488.405303,1208.914775,752.492511,1208.808434,752.028209,793063.037341,3671107,0
8,star,7488.405303,1280.956985,620.027801,1280.711524,619.762943,843511.048198,3904632,0
