0	Area	X	Y	XM	YM	IntDen	RawIntDen	Slice	Label
1	0	40.253005	5.274276	40.259745	5.277646	0.003635	20	0.026961	corner
2	0	12.253424	5.662264	12.247105	5.668583	0.004180	23	0.026961	corner
3	0	12.616698	30.352643	12.611080	30.351520	0.007269	40	0.026961	corner
4	0	40.506888	29.962832	40.502395	29.960584	0.008541	47	0.026961	corner
5	0	0	0	26.405081	17.814583	0	0	0	center
6	6.299349	20.530920	17.093372	20.526876	17.078459	438.862045	2414966	0	star
7	6.299349	21.097104	16.095810	21.058221	16.178906	425.689275	2342479	0	star
8	6.299349	18.738003	13.534500	18.726424	13.527090	405.303800	2230302	0	star
9	6.299349	32.649959	11.485452	32.636751	11.485162	416.831951	2293739	0	star
