 ,Label,Area,X,Y,XM,YM,IntDen,RawIntDen,Slice
1,corner,0,1403.661138,933.682563,1403.893532,933.527614,8.209076,38,49.267576
2,corner,0,476.582463,929.054025,476.640562,928.879730,8.425104,39,49.267576
3,corner,0,477.570139,177.781584,477.570139,177.781584,17.714321,82,49.267576
4,corner,0,1409.703388,180.570315,1409.935782,180.570315,2.376311,11,49.267576
5,center,0,0,0,942.010004,555.189811,0,0,0
6,star,7488.405303,1231.224620,784.562914,1231.064543,784.034340,761590.305060,3525419,0
7,star,7488.405303,1306.055562,647.915108,1305.725771,647.527068,814458.913120,3770149,0
8,star,7488.405303,1348.816100,1023.464180,1349.170919,1019.519141,555650.734126,2572120,0
