0	Area	X	Y	XM	YM	IntDen	RawIntDen	Slice	Label
1	0	40.253005	5.274276	40.259745	5.277646	0.003635	20	0.026961	corner
2	0	12.253424	5.662264	12.247105	5.668583	0.004180	23	0.026961	corner
3	0	12.616698	30.352643	12.611080	30.351520	0.007269	40	0.026961	corner
4	0	40.506888	29.962832	40.502395	29.960584	0.008541	47	0.026961	corner
5	0	0	0	26.405081	17.814583	0	0	0	center
6	6.299349	25.316525	16.014926	25.326540	16.010872	407.631528	2243111	0	star
7	6.299349	26.098398	24.575093	26.104383	24.537768	317.312084	1746102	0	star
8	6.299349	29.589868	17.834804	29.585061	17.828515	398.060203	2190442	0	star
9	6.299349	21.595885	20.989259	21.605454	20.955832	351.547622	1934493	0	star
