0	Area	X	Y	XM	YM	IntDen	RawIntDen	Slice	Label
1	0	1403.661138	933.682563	1403.893532	933.527614	8.209076	38	49.267576	corner
2	0	476.582463	929.054025	476.640562	928.879730	8.425104	39	49.267576	corner
3	0	477.570139	177.781584	477.570139	177.781584	17.714321	82	49.267576	corner
4	0	1409.703388	180.570315	1409.935782	180.570315	2.376311	11	49.267576	corner
5	0	0	0	942.010004	555.189811	0	0	0	center
6	7488.405303	1310.238658	893.323413	1310.004881	892.753237	666777.856555	3086530	0	star
7	7488.405303	583.309512	766.436164	583.618073	765.878571	767942.185429	3554822	0	star
8	7488.405303	1294.900639	787.351645	1294.602180	786.791476	741103.260377	3430584	0	star
9	7488.405303	1389.717484	751.098145	1389.228567	750.531832	724075.693034	3351763	0	star
