0	Area	X	Y	XM	YM	IntDen	RawIntDen	Slice	Label
1	0	1403.661138	933.682563	1403.893532	933.527614	8.209076	38	49.267576	corner
2	0	476.582463	929.054025	476.640562	928.879730	8.425104	39	49.267576	corner
3	0	477.570139	177.781584	477.570139	177.781584	17.714321	82	49.267576	corner
4	0	1409.703388	180.570315	1409.935782	180.570315	2.376311	11	49.267576	corner
5	0	0	0	942.010004	555.189811	0	0	0	center
6	7488.405303	839.407952	341.154727	839.263874	340.815617	1012659.917969	4687626	0	star
7	7488.405303	729.253088	889.140317	729.409710	888.580438	711882.839246	3295322	0	star
8	7488.405303	489.887033	869.619202	490.384270	868.939704	629737.210638	2915068	0	star
