0	Area	X	Y	XM	YM	IntDen	RawIntDen	Slice	Label
1	0	1403.661138	933.682563	1403.893532	933.527614	8.209076	38	49.267576	corner
2	0	476.582463	929.054025	476.640562	928.879730	8.425104	39	49.267576	corner
3	0	477.570139	177.781584	477.570139	177.781584	17.714321	82	49.267576	corner
4	0	1409.703388	180.570315	1409.935782	180.570315	2.376311	11	49.267576	corner
5	0	0	0	942.010004	555.189811	0	0	0	center
6	7488.405303	662.323550	145.943575	662.484318	148.531924	927081.599532	4291482	0	star
7	7488.405303	570.760224	687.422127	571.155792	687.316757	816260.589217	3778489	0	star
8	7488.405303	718.098165	866.365682	718.290360	865.627641	713654.487408	3303523	0	star
