0	Area	X	Y	XM	YM	IntDen	RawIntDen	Slice	Label
1	0	1403.661138	933.682563	1403.893532	933.527614	8.209076	38	49.267576	corner
2	0	476.582463	929.054025	476.640562	928.879730	8.425104	39	49.267576	corner
3	0	477.570139	177.781584	477.570139	177.781584	17.714321	82	49.267576	corner
4	0	1409.703388	180.570315	1409.935782	180.570315	2.376311	11	49.267576	corner
5	0	0	0	942.010004	555.189811	0	0	0	center
6	7488.405303	1288.393601	864.041740	1288.174885	863.519526	692280.430488	3204582	0	star
7	7488.405303	555.422205	748.309414	555.785893	747.754669	761628.326042	3525595	0	star
8	7488.405303	1273.985158	749.703780	1273.735202	749.198528	770430.831549	3566342	0	star
9	7488.405303	1368.802003	721.816472	1368.393611	721.306296	746611.118143	3456080	0	star
