0	Area	X	Y	XM	YM	IntDen	RawIntDen	Slice	Label
1	0	1403.661138	933.682563	1403.893532	933.527614	8.209076	38	49.267576	corner
2	0	476.582463	929.054025	476.640562	928.879730	8.425104	39	49.267576	corner
3	0	477.570139	177.781584	477.570139	177.781584	17.714321	82	49.267576	corner
4	0	1409.703388	180.570315	1409.935782	180.570315	2.376311	11	49.267576	corner
5	0	0	0	942.010004	555.189811	0	0	0	center
6	7488.405303	739.013645	229.605497	739.063389	229.266779	1003948.360381	4647300	0	star
7	7488.405303	642.802435	776.196722	642.956596	775.715734	775769.755177	3591056	0	star
8	7488.405303	787.816433	961.182527	788.014527	960.384944	648398.600082	3001452	0	star
9	7488.405303	897.971297	919.816355	898.041350	919.219547	701398.769382	3246791	0	star
