0	Area	X	Y	XM	YM	IntDen	RawIntDen	Slice	Label
1	0	1403.661138	933.682563	1403.893532	933.527614	8.209076	38	49.267576	corner
2	0	476.582463	929.054025	476.640562	928.879730	8.425104	39	49.267576	corner
3	0	477.570139	177.781584	477.570139	177.781584	17.714321	82	49.267576	corner
4	0	1409.703388	180.570315	1409.935782	180.570315	2.376311	11	49.267576	corner
5	0	0	0	942.010004	555.189811	0	0	0	center
6	7488.405303	874.267086	385.774419	874.257890	385.411357	1017103.188229	4708194	0	star
7	7488.405303	759.929126	932.365643	760.025203	931.745790	685405.977639	3172760	0	star
8	7488.405303	527.534898	919.816355	527.956465	919.222826	618206.267589	2861691	0	star
9	7488.405303	1154.534525	746.915049	1154.425204	746.541794	803561.797129	3719706	0	star
