0	Area	X	Y	XM	YM	IntDen	RawIntDen	Slice	Label
1	0	1403.661138	933.682563	1403.893532	933.527614	8.209076	38	49.267576	corner
2	0	476.582463	929.054025	476.640562	928.879730	8.425104	39	49.267576	corner
3	0	477.570139	177.781584	477.570139	177.781584	17.714321	82	49.267576	corner
4	0	1409.703388	180.570315	1409.935782	180.570315	2.376311	11	49.267576	corner
5	0	0	0	942.010004	555.189811	0	0	0	center
6	7488.405303	727.858722	221.239305	727.948907	220.839158	999583.292369	4627094	0	star
7	7488.405303	633.041877	763.647433	633.220948	763.188555	776957.262792	3596553	0	star
8	7488.405303	773.872780	947.238874	774.006815	946.462195	657004.303799	3041288	0	star
9	7488.405303	847.774144	865.436105	847.910474	864.822729	735780.106815	3405943	0	star
