0	Area	X	Y	XM	YM	IntDen	RawIntDen	Slice	Label
1	0	1403.661138	933.682563	1403.893532	933.527614	8.209076	38	49.267576	corner
2	0	476.582463	929.054025	476.640562	928.879730	8.425104	39	49.267576	corner
3	0	477.570139	177.781584	477.570139	177.781584	17.714321	82	49.267576	corner
4	0	1409.703388	180.570315	1409.935782	180.570315	2.376311	11	49.267576	corner
5	0	0	0	942.010004	555.189811	0	0	0	center
6	7488.405303	917.492412	441.549033	917.625931	441.169739	1025396.731039	4746585	0	star
7	7488.405303	800.365722	990.464200	800.532669	989.717440	637465.623392	2950843	0	star
8	7488.405303	560.999667	968.619143	561.345319	967.983794	598458.471779	2770278	0	star
9	7488.405303	1200.548582	804.084029	1200.340308	803.510445	751264.151890	3477619	0	star
