0	Area	X	Y	XM	YM	IntDen	RawIntDen	Slice	Label
1	0	1403.661138	933.682563	1403.893532	933.527614	8.209076	38	49.267576	corner
2	0	476.582463	929.054025	476.640562	928.879730	8.425104	39	49.267576	corner
3	0	477.570139	177.781584	477.570139	177.781584	17.714321	82	49.267576	corner
4	0	1409.703388	180.570315	1409.935782	180.570315	2.376311	11	49.267576	corner
5	0	0	0	942.010004	555.189811	0	0	0	center
6	7488.405303	903.548759	422.027918	903.648635	421.750134	1006453.208624	4658895	0	star
7	7488.405303	783.633337	961.647316	783.817890	961.096950	664754.535413	3077164.000000	0	star
8	7488.405303	549.844744	950.492393	550.281542	949.860895	607937.577949	2814157	0	star
