0	Area	X	Y	XM	YM	IntDen	RawIntDen	Slice	Label
1	0	1403.661138	933.682563	1403.893532	933.527614	8.209076	38	49.267576	corner
2	0	476.582463	929.054025	476.640562	928.879730	8.425104	39	49.267576	corner
3	0	477.570139	177.781584	477.570139	177.781584	17.714321	82	49.267576	corner
4	0	1409.703388	180.570315	1409.935782	180.570315	2.376311	11	49.267576	corner
5	0	0	0	942.010004	555.189811	0	0	0	center
6	7488.405303	1323.717523	986.281104	1324.230936	986.784718	674563.084754	3122568	0	star
7	7488.405303	1200.548582	741.337588	1200.450118	740.879529	803262.813950	3718322	0	star
8	7488.405303	1272.590793	607.478512	1272.359069	607.152348	853902.441917	3952734	0	star
