 ,Label,Area,X,Y,XM,YM,IntDen,RawIntDen,Slice
1,corner,0,1403.661138,933.682563,1403.893532,933.527614,8.209076,38,49.267576
2,corner,0,476.582463,929.054025,476.640562,928.879730,8.425104,39,49.267576
3,corner,0,477.570139,177.781584,477.570139,177.781584,17.714321,82,49.267576
4,corner,0,1409.703388,180.570315,1409.935782,180.570315,2.376311,11,49.267576
5,center,0,0,0,942.010004,555.189811,0,0,0
6,star,7488.405303,857.534702,360.675842,857.398292,360.419925,1013939.669672,4693550,0
7,star,7488.405303,744.591107,908.661432,744.647760,908.060614,699888.299446,3239799,0
8,star,7488.405303,510.802513,896.112144,511.191887,895.611439,626006.833799,2897800,0
