0	Area	X	Y	XM	YM	IntDen	RawIntDen	Slice	Label
1	0	41.590213	5.477949	41.588525	5.476261	0.010396	57	0.013505	corner
2	0	13.567984	5.604558	13.565732	5.611311	0.008207	45	0.013505	corner
3	0	13.707535	30.305131	13.714287	30.311883	0.008025	44	0.054020	corner
4	0	41.534505	30.197091	41.534505	30.203843	0.006931	38	0.054020	corner
5	0	0	0	27.600762	17.900825	0	0	0	center
6	6.322157	32.668499	23.350076	32.668152	23.337629	483.812636	2652715	0	star
7	6.322157	29.508338	16.070903	29.507388	16.067270	559.975808	3070313	0	star
8	6.322157	38.664701	7.319688	38.662484	7.324070	517.486914	2837349	0	star
