0	Area	X	Y	XM	YM	IntDen	RawIntDen	Slice	Label
1	0	40.253005	5.274276	40.259745	5.277646	0.003635	20	0.026961	corner
2	0	12.253424	5.662264	12.247105	5.668583	0.004180	23	0.026961	corner
3	0	12.616698	30.352643	12.611080	30.351520	0.007269	40	0.026961	corner
4	0	40.506888	29.962832	40.502395	29.960584	0.008541	47	0.026961	corner
5	0	0	0	26.405081	17.814583	0	0	0	center
6	6.299349	13.278369	24.912107	13.405368	24.867331	215.245328	1184450	0	star
7	6.299349	24.979510	19.816449	24.985765	19.784526	395.492233	2176311	0	star
8	6.299349	27.136403	18.818886	27.152667	18.791237	407.792537	2243997	0	star
