0	Area	X	Y	XM	YM	IntDen	RawIntDen	Slice	Label
1	0	41.359295	5.379594	41.361551	5.377340	0.003477	19	0.027056	corner
2	0	13.352882	5.773031	13.358800	5.769649	0.003660	20	0.027056	corner
3	0	13.733072	30.498648	13.737581	30.498648	0.007503	41	0.027056	corner
4	0	41.674948	30.108595	41.672692	30.106339	0.003477	19	0.027056	corner
5	0	0	0	27.532656	17.937994	0	0	0	center
6	6.343652	30.654219	21.563471	30.648150	21.545117	380.221833	2077669	0	star
7	6.343652	33.008073	13.419676	33.001477	13.418792	414.601888	2265534	0	star
8	6.343652	19.020226	10.714096	19.024202	10.730762	363.584569	1986757	0	star
9	6.343652	27.421051	26.284707	27.422243	26.283290	307.187114	1678581	0	star
