0	Area	X	Y	XM	YM	IntDen	RawIntDen	Slice	Label
1	0	40.253005	5.274276	40.259745	5.277646	0.003635	20	0.026961	corner
2	0	12.253424	5.662264	12.247105	5.668583	0.004180	23	0.026961	corner
3	0	12.616698	30.352643	12.611080	30.351520	0.007269	40	0.026961	corner
4	0	40.506888	29.962832	40.502395	29.960584	0.008541	47	0.026961	corner
5	0	0	0	26.405081	17.814583	0	0	0	center
6	6.299349	20.166944	17.376465	20.166889	17.358036	433.974343	2388070	0	star
7	6.299349	18.266183	13.911956	18.270530	13.917559	400.891130	2206020	0	star
8	6.299349	32.447750	11.795505	32.435133	11.785408	413.449485	2275126	0	star
9	6.299349	37.880423	16.527188	37.879073	16.517923	386.154789	2124929	0	star
