0	Area	X	Y	XM	YM	IntDen	RawIntDen	Slice	Label
1	0	40.253005	5.274276	40.259745	5.277646	0.003635	20	0.026961	corner
2	0	12.253424	5.662264	12.247105	5.668583	0.004180	23	0.026961	corner
3	0	12.616698	30.352643	12.611080	30.351520	0.007269	40	0.026961	corner
4	0	40.506888	29.962832	40.502395	29.960584	0.008541	47	0.026961	corner
5	0	0	0	26.405081	17.814583	0	0	0	center
6	6.299349	25.464811	25.006471	25.468627	24.986265	302.133604	1662578	0	star
7	6.299349	28.781033	18.347066	28.784192	18.330501	399.776968	2199889	0	star
8	6.299349	24.696418	16.931605	24.701733	16.924660	403.140898	2218400	0	star
9	6.299349	21.339754	21.097104	21.342985	21.090797	351.454215	1933979.000000	0	star
