 ,Label,Area,X,Y,XM,YM,IntDen,RawIntDen,Slice
1,corner,0,1403.661138,933.682563,1403.893532,933.527614,8.209076,38,49.267576
2,corner,0,476.582463,929.054025,476.640562,928.879730,8.425104,39,49.267576
3,corner,0,477.570139,177.781584,477.570139,177.781584,17.714321,82,49.267576
4,corner,0,1409.703388,180.570315,1409.935782,180.570315,2.376311,11,49.267576
5,center,0,0,0,942.010004,555.189811,0,0,0
6,star,7488.405303,825.464298,327.211073,825.425862,326.887290,1005852.865953,4656116,0
7,star,7488.405303,715.309434,872.407932,715.453168,871.826790,722976.108941,3346673,0
8,star,7488.405303,475.478591,858.464279,476.562391,857.848067,622910.284017,2883466,0
9,star,7488.405303,924.464239,977.914912,924.541274,976.995015,651118.612521,3014043.000000,0
