0	Area	X	Y	XM	YM	IntDen	RawIntDen	Slice	Label
1	0	40.253005	5.274276	40.259745	5.277646	0.003635	20	0.026961	corner
2	0	12.253424	5.662264	12.247105	5.668583	0.004180	23	0.026961	corner
3	0	12.616698	30.352643	12.611080	30.351520	0.007269	40	0.026961	corner
4	0	40.506888	29.962832	40.502395	29.960584	0.008541	47	0.026961	corner
5	0	0	0	26.405081	17.814583	0	0	0	center
6	6.299349	17.578673	20.086061	17.584261	20.070605	401.264759	2208076	0	star
7	6.299349	15.785756	16.756358	15.778331	16.736248	402.935184	2217268	0	star
8	6.299349	29.859479	14.707310	29.851536	14.694884	456.316280	2511013	0	star
