 ,Label,Area,X,Y,XM,YM,IntDen,RawIntDen,Slice
1,corner,0,1403.661138,933.682563,1403.893532,933.527614,8.209076,38,49.267576
2,corner,0,476.582463,929.054025,476.640562,928.879730,8.425104,39,49.267576
3,corner,0,477.570139,177.781584,477.570139,177.781584,17.714321,82,49.267576
4,corner,0,1409.703388,180.570315,1409.935782,180.570315,2.376311,11,49.267576
5,center,0,0,0,942.010004,555.189811,0,0,0
6,star,7488.405303,1301.872466,882.168490,1301.586196,881.480523,674023.013982,3120068,0
7,star,7488.405303,570.760224,758.069972,571.096658,757.493090,765606.271324,3544009,0
8,star,7488.405303,1286.534447,770.619260,1286.225434,770.060420,754106.652380,3490777,0
9,star,7488.405303,1381.351292,738.548857,1380.942933,738.021145,732302.699125,3389846,0
