0	Area	X	Y	XM	YM	IntDen	RawIntDen	Slice	Label
1	0	1403.661138	933.682563	1403.893532	933.527614	8.209076	38	49.267576	corner
2	0	476.582463	929.054025	476.640562	928.879730	8.425104	39	49.267576	corner
3	0	477.570139	177.781584	477.570139	177.781584	17.714321	82	49.267576	corner
4	0	1409.703388	180.570315	1409.935782	180.570315	2.376311	11	49.267576	corner
5	0	0	0	942.010004	555.189811	0	0	0	center
6	7488.405303	1268.872485	833.365702	1268.687676	832.839326	714505.206889	3307461	0	star
7	7488.405303	541.478551	716.239011	541.827615	715.678372	769439.909696	3561755	0	star
8	7488.405303	1343.703427	691.140434	1343.325279	690.572966	772147.176464	3574287	0	star
