0	Area	X	Y	XM	YM	IntDen	RawIntDen	Slice	Label
1	0	1403.661138	933.682563	1403.893532	933.527614	8.209076	38	49.267576	corner
2	0	476.582463	929.054025	476.640562	928.879730	8.425104	39	49.267576	corner
3	0	477.570139	177.781584	477.570139	177.781584	17.714321	82	49.267576	corner
4	0	1409.703388	180.570315	1409.935782	180.570315	2.376311	11	49.267576	corner
5	0	0	0	942.010004	555.189811	0	0	0	center
6	7488.405303	1245.633063	865.436105	1246.031768	866.254145	773789.423669	3581889	0	star
7	7488.405303	1118.281026	625.605262	1118.111152	625.320691	888069.479267	4110894	0	star
