0	Area	X	Y	XM	YM	IntDen	RawIntDen	Slice	Label
1	0	1403.661138	933.682563	1403.893532	933.527614	8.209076	38	49.267576	corner
2	0	476.582463	929.054025	476.640562	928.879730	8.425104	39	49.267576	corner
3	0	477.570139	177.781584	477.570139	177.781584	17.714321	82	49.267576	corner
4	0	1409.703388	180.570315	1409.935782	180.570315	2.376311	11	49.267576	corner
5	0	0	0	942.010004	555.189811	0	0	0	center
6	7488.405303	804.548818	304.901227	804.505151	304.447323	997635.149079	4618076	0	star
7	7488.405303	698.577050	848.703721	698.702187	848.141318	730135.503129	3379814	0	star
8	7488.405303	469.436341	837.548798	471.958931	836.939466	607081.241733	2810193	0	star
9	7488.405303	911.914951	947.238874	912.023848	946.500677	673552.720353	3117891	0	star
