0	Area	X	Y	XM	YM	IntDen	RawIntDen	Slice	Label
1	0	1403.661138	933.682563	1403.893532	933.527614	8.209076	38	49.267576	corner
2	0	476.582463	929.054025	476.640562	928.879730	8.425104	39	49.267576	corner
3	0	477.570139	177.781584	477.570139	177.781584	17.714321	82	49.267576	corner
4	0	1409.703388	180.570315	1409.935782	180.570315	2.376311	11	49.267576	corner
5	0	0	0	942.010004	555.189811	0	0	0	center
6	7488.405303	719.492530	208.690017	719.553985	208.302057	1002436.162218	4640300	0	star
7	7488.405303	624.675685	758.069972	624.856096	757.547081	780553.270023	3613199	0	star
8	7488.405303	768.295318	938.872681	768.418809	938.099829	665054.598734	3078553	0	star
