0	Area	X	Y	XM	YM	IntDen	RawIntDen	Slice	Label
1	0	1403.661138	933.682563	1403.893532	933.527614	8.209076	38	49.267576	corner
2	0	476.582463	929.054025	476.640562	928.879730	8.425104	39	49.267576	corner
3	0	477.570139	177.781584	477.570139	177.781584	17.714321	82	49.267576	corner
4	0	1409.703388	180.570315	1409.935782	180.570315	2.376311	11	49.267576	corner
5	0	0	0	942.010004	555.189811	0	0	0	center
6	7488.405303	1221.464063	767.830530	1221.347290	767.299457	775880.361672	3591568	0	star
7	7488.405303	1340.914696	1011.844469	1341.446397	1009.679372	609095.273657	2819516	0	star
8	7488.405303	1290.717543	635.365820	1290.446893	635.039494	829336.566732	3839018	0	star
9	7488.405303	1202.872525	653.492569	1202.398117	653.154983	840774.185551	3891963.000000	0	star
