0	Area	X	Y	XM	YM	IntDen	RawIntDen	Slice	Label
1	0	1403.661138	933.682563	1403.893532	933.527614	8.209076	38	49.267576	corner
2	0	476.582463	929.054025	476.640562	928.879730	8.425104	39	49.267576	corner
3	0	477.570139	177.781584	477.570139	177.781584	17.714321	82	49.267576	corner
4	0	1409.703388	180.570315	1409.935782	180.570315	2.376311	11	49.267576	corner
5	0	0	0	942.010004	555.189811	0	0	0	center
6	7488.405303	1316.745696	975.126181	1317.165808	975.515868	685470.786132	3173060	0	star
7	7488.405303	1192.182390	728.788299	1192.105052	728.385385	816353.049333	3778917	0	star
8	7488.405303	1267.478120	593.070070	1267.269026	593.401839	851250.694424	3940459	0	star
